keyword,rank,url
carom shot,1,https://www.basicbilliards.com/carom-shots.php
carom shot,2,https://www.youtube.com/watch?v=X5VmwF_zZ4g
carom shot,3,https://www.youtube.com/watch?v=PdZ4hB9Rpds
carom shot,4,https://www.youtube.com/watch?v=DevGnm1BgRs
carom shot,5,https://www.youtube.com/watch?v=RAfvBaTSJus
carom shot,6,https://www.youtube.com/watch?v=1jGpLIsrnHg
carom shot,7,https://www.youtube.com/watch?v=fjueoy4Neo4
carom shot,8,https://www.youtube.com/watch?v=7bfIke-Cblc
carom shot,9,https://billiards.colostate.edu/faq/30-90-rules/carom/
carom shot,10,https://support.ftgames.com/hc/en-us/articles/360001808178-What-is-a-Carom-Shot-
carom shot,11,https://forums.azbilliards.com/showthread.php?t=380174
carom shot,12,https://gamefaqs.gamespot.com/boards/816306-yakuza-0/75216255
carom shot,13,https://gamefaqs.gamespot.com/boards/816306-yakuza-0/75351221
carom shot,14,https://www.amazon.com/Carom-CAROM-BLACK-STEEL-black/dp/B002G29YHU
carom shot,15,https://caromshot.com/
carom shot,16,https://www.sportslingo.com/sports-glossary/c/carom-shot/
carom shot,17,https://en.wiktionary.org/wiki/carom
carom shot,18,https://www.goodreads.com/book/show/5438669-carom-shot
carom shot,19,https://www.reddit.com/r/billiards/comments/8hz6mf/tricks_to_aim_and_measure_carom_shots/
carom shot,20,https://www.merriam-webster.com/dictionary/carom
carom shot,21,https://billiards-and-pool.wonderhowto.com/how-to/hit-cut-shot-and-carom-shot-pool-5082/
carom shot,22,https://www.amazon.in/Carom-Shot-J-Patridge-ebook/dp/B00ISRPPQQ
carom shot,23,https://en.wikipedia.org/wiki/Carom_billiards
carom shot,24,https://www.amazon.co.uk/Carom-Shot-J-Partridge/dp/0977307808
carom shot,25,https://mhgu.kiranico.com/weapon/45773
carom shot,26,http://www.koehlerbooks.com/book/carom-shot/
carom shot,27,https://www.mobygames.com/game/carom-shot
carom shot,28,http://www.jjpartridge.com/AlgyTempleMysteries/CaromShot.html
carom shot,29,https://www.kobo.com/in/en/ebook/carom-shot
carom shot,30,https://context.reverso.net/traduction/anglais-francais/carom+shot?d=0
carom shot,31,https://www.facebook.com/lovely.boysk.92
carom shot,32,https://www.loc.gov/item/2017705003/
carom shot,33,https://www.nytimes.com/1966/06/20/archives/carom-shot.html
carom shot,34,https://www.amazon.ca/Carom-Shot-J-Patridge-ebook/dp/B00ISRPPQQ
carom shot,35,https://www.ign.com/articles/2000/05/24/carom-shot
carom shot,36,http://www.airsoft-shop-japan.com/tanaka-saa-civilian-ultimate-airsoft-gas-gun-carom-shot-custom/
carom shot,37,http://www.cfr.org/israel/obama-israel-carom-shot/p29624
carom shot,38,https://psnprofiles.com/trophy/3302-nihilumbra/10-carom-shot
carom shot,39,https://fletchcast.blogspot.com/2016/10/carom-shot.html
carom shot,40,https://books.google.com/books?id=OODjKfWsAXMC&pg=PA207&lpg=PA207&dq=carom+shot&source=bl&ots=_EUD5cSV7o&sig=ACfU3U3Ozi4jrBmcGg09gQdWmLkupyuOXg&hl=en&sa=X&ved=2ahUKEwjzqPOik6DoAhUWeisKHaAsAFEQ6AEwOXoECGMQAQ
carom shot,41,https://www.nationalreview.com/corner/obama-and-israel-carom-shot-elliott-abrams/
carom shot,42,https://psxdatacenter.com/games/J/C/SLPS-01486.html
carom shot,43,https://www.playstationtrophies.org/game/nihilumbra-hk/trophy/140416-Carom-shot.html
carom shot,44,https://books.google.com/books?id=i8ucDwAAQBAJ&pg=PA206&lpg=PA206&dq=carom+shot&source=bl&ots=45QdFd0XUZ&sig=ACfU3U3G8MjjfUcx-wXWhIvLSYX78hrPJQ&hl=en&sa=X&ved=2ahUKEwjzqPOik6DoAhUWeisKHaAsAFEQ6AEwPXoECGQQAQ
carom shot,45,https://glosbe.com/en/en/carom%20shot
carom shot,46,https://www.yourdictionary.com/carom
carom shot,47,https://www.amazon.com.au/Carom-Shot-J-Patridge-ebook/dp/B00ISRPPQQ
carom shot,48,https://global.rakuten.com/en/category/213684/?tag=1025162
carom shot,49,https://www.gamekult.com/jeux/carom-shot/franchise.html
carom shot,50,https://translate.google.com/translate?hl=en&sl=fr&u=https://www.gamekult.com/jeux/carom-shot/franchise.html&prev=search
carom shot,51,http://talcottnotch.net/index.php/carom-shot
carom shot,52,https://www.dreamstime.com/photos-images/carom-shot.html
carom shot,53,https://www.truetrophies.com/t106729/carom-shot-trophy
carom shot,54,https://www.amazon.co.jp/stores/CAROM-SHOT/node/3643798051
carom shot,55,https://translate.google.com/translate?hl=en&sl=ja&u=https://www.amazon.co.jp/stores/CAROM-SHOT/node/3643798051&prev=search
carom shot,56,https://www.walmart.com/ip/Carom-Shot-eBook-9781940192802/484883830
carom shot,57,https://steamcommunity.com/app/252670/discussions/3/630800446696350315/
carom shot,58,https://monsterhunter.fandom.com/wiki/Carom_Shot_(MHGU)
carom shot,59,https://www.abebooks.com/9780977307807/Carom-Shot-J-J-Partridge-0977307808/plp
carom shot,60,https://www.artpal.com/whitedragon_nb?i=37219-6
carom shot,61,https://www.amazon.es/Carom-Shot-J-Partridge/dp/0977307808
carom shot,62,https://translate.google.com/translate?hl=en&sl=es&u=https://www.amazon.es/Carom-Shot-J-Partridge/dp/0977307808&prev=search
carom shot,63,https://www.pinterest.com/pin/556264991450914174/
carom shot,64,http://impulse101.jp/en/27_carom-shot
carom shot,65,http://stromgatan16.se/lomwbesu-gcglo-qkjtn-nhrxdmcw-qmbwziybixe-wxurnq-lkiaah-onyi-mazzxxnkqld-365971/
carom shot,66,https://translate.google.com/translate?hl=en&sl=ja&u=http://stromgatan16.se/lomwbesu-gcglo-qkjtn-nhrxdmcw-qmbwziybixe-wxurnq-lkiaah-onyi-mazzxxnkqld-365971/&prev=search
carom shot,67,https://thepoolcoach.co.uk/2018/11/02/carom/
carom shot,68,http://dict.cnki.net/h_51996117000.html
carom shot,69,https://translate.google.com/translate?hl=en&sl=zh-CN&u=http://dict.cnki.net/h_51996117000.html&prev=search
carom shot,70,https://www.ebay.com/itm/Carom-Shot-PS1-Playstation-Import-N-Mint-Mint-/110795253129
carom shot,71,https://www.amazon.fr/Carom-Shot-J-Patridge-ebook/dp/B00ISRPPQQ
carom shot,72,https://translate.google.com/translate?hl=en&sl=fr&u=https://www.amazon.fr/Carom-Shot-J-Patridge-ebook/dp/B00ISRPPQQ&prev=search
carom shot,73,https://www.zerooneairsoft.com/product_info.php?products_id=4042
carom shot,74,https://plamoya.com/en/carom-shot-carom-shot-the-black-steel-black-steel-spray-p-129841.html
carom shot,75,https://truesteamachievements.com/a47221/carom-shot-achievement
carom shot,76,http://dict.cn/carom%20shot
carom shot,77,https://translate.google.com/translate?hl=en&sl=zh-CN&u=http://dict.cn/carom%2520shot&prev=search
carom shot,78,http://www.the8knights.com/lessons_articles/dr_dave/march04.pdf
carom shot,79,https://books.google.com/books/about/Carom_Shot.html?id=wBp4AQAACAAJ
carom shot,80,http://poolshot.org/pathanglecalculator.php
carom shot,81,https://www.barnesandnoble.com/w/carom-shot-j-j-patridge/1118877323
carom shot,82,https://www.dr.com.tr/ekitap/carom-shot
carom shot,83,https://translate.google.com/translate?hl=en&sl=tr&u=https://www.dr.com.tr/ekitap/carom-shot&prev=search
carom shot,84,https://www.redlandsdailyfacts.com/2010/07/04/villas-carom-shot-lifts-spain-into-world-cup-semifinals/
carom shot,85,https://www.amazon.com.mx/Carom-Shot-J-Partridge/dp/0977307808
carom shot,86,https://translate.google.com/translate?hl=en&sl=es&u=https://www.amazon.com.mx/Carom-Shot-J-Partridge/dp/0977307808&prev=search
carom shot,87,https://savemoney.es/usa/asin/carom%20shot
carom shot,88,http://www.billiardsforum.com/9-ball-rules-forum/combination-and-carom-shots-in-9-ball
carom shot,89,https://www.dailybreeze.com/2010/07/04/villas-carom-shot-lifts-spain-into-world-cup-semifinals/amp/
carom shot,90,https://www.dailynews.com/2010/07/04/villas-carom-shot-lifts-spain-into-world-cup-semifinals/
carom shot,91,https://books.apple.com/us/book/carom-shot/id834832476
carom shot,92,http://hotshotsplus.com/excerpts-from-six-pack-encyclopedia-of-billiards-knowledge/14-book-3/65-carom-a-billiard-shots.html
carom shot,93,http://www.ipernity.com/doc/adam/5936355
carom shot,94,https://www.supercheats.com/playstation/caromshot.htm
carom shot,95,https://www.samyysandra.com/how-to-play-carom-shots
carom shot,96,https://translate.google.com/translate?hl=en&sl=ja&u=https://www.samyysandra.com/how-to-play-carom-shots&prev=search
carom shot,97,https://www.whittierdailynews.com/2010/07/04/villas-carom-shot-lifts-spain-into-world-cup-semifinals/
carom shot,98,https://russianmachineneverbreaks.com/2013/02/03/john-carlsons-crazy-carom-shot-the-best-goal-of-all-time/
carom shot,99,https://www.electricspec.com/Volume1/Issue3/CaromShot.pdf
carom shot,100,https://www.video-games-museum.com/en/game/Carom-Shot/31/2/38941
carom shot,101,http://yahoo.aleado.com/lot?auctionID=c658580883
carom shot,102,https://www.sgvtribune.com/2010/07/04/villas-carom-shot-lifts-spain-into-world-cup-semifinals/?returnUrl=https://www.sgvtribune.com/2010/07/04/villas-carom-shot-lifts-spain-into-world-cup-semifinals/?clearUserState=true
carom shot,103,https://www.dailybulletin.com/2010/07/04/villas-carom-shot-lifts-spain-into-world-cup-semifinals/amp/
carom shot,104,http://shop.kic.tw/portal_c1_cnt_page.php?owner_num=c1_33589&button_num=c1&folder_id=7128&cnt_id=90332
carom shot,105,https://patents.justia.com/patent/6053817
carom shot,106,https://www.imdb.com/search/keyword/?keywords=bullet-carom-shot
carom shot,107,http://logindacultura.sp.gov.br/Maruzen-PPK-S-molybdenum-blue-Airsoft-Gun--Carom-Shot--.pdf
carom shot,108,https://search.rakuten.co.jp/search/mall/carom+shot+m1911a1/
carom shot,109,https://translate.google.com/translate?hl=en&sl=ja&u=https://search.rakuten.co.jp/search/mall/carom%2Bshot%2Bm1911a1/&prev=search
carom shot,110,https://archive.org/details/psx_caromsh2
couch,1,https://www.wayfair.com/furniture/sb0/sofas-c413892.html
couch,2,https://www.ashleyfurniture.com/c/furniture/living-room/sofas/
couch,3,https://www.overstock.com/Home-Garden/Sofas-Couches/2027/subcat.html
couch,4,https://www.ikea.com/us/en/cat/all-sofas-39130/
couch,5,https://www.macys.com/shop/furniture/couches-sofas?id=35419
couch,6,https://www.amazon.com/Sofas-and-Couches/b?ie=UTF8&node=3733551
couch,7,https://www.walmart.com/browse/home/sofas-couches/4044_103150_4038_131784
couch,8,https://www.crateandbarrel.com/furniture/sofas/1
couch,9,https://www.westelm.com/shop/furniture/sofas/
couch,10,https://en.wikipedia.org/wiki/Couch
couch,11,https://www.raymourflanigan.com/sofas.aspx
couch,12,https://www.costco.com/sofas-couches.html
couch,13,https://www.americanfreight.com/living-rooms/sofas-loveseats
couch,14,https://www.biglots.com/c/furniture/living-room-furniture/sofas/_/N-3403362890
couch,15,https://www.lovesac.com/search/modular-furniture/sectionals
couch,16,https://www.allmodern.com/furniture/sb0/sofas-couches-c365812.html
couch,17,https://www.roomstogo.com/furniture/living-rooms/sofas
couch,18,https://www.urbanoutfitters.com/sofas
couch,19,https://www.anthropologie.com/sofas-settees-sectionals
couch,20,https://www.potterybarn.com/shop/furniture/sofa/
couch,21,https://www.housebeautiful.com/lifestyle/a26764228/sofa-not-couch/
couch,22,https://www.merriam-webster.com/dictionary/couch
couch,23,https://www.couchbrewery.com/
couch,24,https://nypost.com/2019/11/13/a-slew-of-sofa-startups-offer-custom-couches-for-less-money/
couch,25,https://www.cb2.com/furniture/sofas/1
couch,26,https://www.apartmenttherapy.com/sofa-vs-couch-260517
couch,27,https://www.pier1.com/sofas
couch,28,https://www.article.com/browse/1/sofas
couch,29,https://furniturefair.net/collections/sofas
couch,30,https://www.elledecor.com/design-decorate/a9154/couch-vs-sofa/
couch,31,https://joybird.com/sofas/
couch,32,https://www.mybobs.com/furniture/living-room/c/sofas
couch,33,https://www.etsy.com/market/couch
couch,34,https://www.goodhousekeeping.com/home-products/g28709086/best-sofa-couches/
couch,35,https://mitpress.mit.edu/books/couch
couch,36,https://burrow.com/
couch,37,https://www.nytimes.com/2013/02/10/realestate/when-the-couch-has-an-attitude.html
couch,38,https://www.vocabulary.com/dictionary/couch
couch,39,https://coddleme.com/product/toggle-convertible-couch/
couch,40,https://nuggetcomfort.com/products/the-nugget
couch,41,https://www.havertys.com/furniture/sofas
couch,42,https://unsplash.com/s/photos/couch
couch,43,https://www.dictionary.com/browse/couch
couch,44,https://www.la-z-boy.com/b/sofas/_/N-103rjdd
couch,45,https://www.worldmarket.com/category/furniture/living-room/sofas.do
couch,46,https://www.collectorsweekly.com/articles/it-came-from-the-70s-the-story-of-your-grandmas-weird-couch/
couch,47,https://www.urbandictionary.com/define.php?term=couch
couch,48,https://www.couchsurfing.com/
couch,49,https://en.wiktionary.org/wiki/couch
couch,50,https://www.furniture.com/furniture/living-room/seating/sofas
couch,51,https://www.couchsantabarbara.com/
couch,52,https://www.livingspaces.com/departments/furniture/living-room/sofas-and-sectionals/sofas
couch,53,https://www.houzz.com/products/sofas
couch,54,https://www.analyticcouch.com/
couch,55,https://www.jcpenney.com/g/home-store/furniture-store/sofas-couches?id=cat100250026
couch,56,https://www.bobvila.com/slideshow/sofa-so-good-10-creative-ways-to-revive-a-tired-old-couch-49970
couch,57,https://nycouchdoctor.com/
couch,58,https://www.southernliving.com/home/difference-between-couch-and-sofa
couch,59,https://www.target.com/c/sofas-sectionals-living-room-furniture/-/N-5xtm1
couch,60,https://www.couchguitarstraps.com/wallets
couch,61,https://modernica.net/collections/couch
couch,62,https://www.cre8acouch.com/
couch,63,https://thecouch.nyc/
couch,64,https://www.motherjones.com/politics/2012/11/couch-flame-retardants-cancer-toxic/
couch,65,https://www.homedit.com/whats-the-difference-between-sofa-and-couch/
couch,66,https://www.morfurniture.com/living-room-sets/sofas.html
couch,67,https://nymag.com/strategist/article/best-flat-pack-sofas.html
couch,68,https://www.lowes.com/pl/Couches-sofas-loveseats-Living-room-furniture-Furniture-Home-decor/1650307256
couch,69,https://www.arhaus.com/furniture/living-room-furniture/sofas/
couch,70,https://www.interiordefine.com/journal/is-it-a-sofa-or-a-couch/
couch,71,https://www.bassettfurniture.com/living/sofas.aspx
couch,72,https://www.bbc.com/news/magazine-33079041
couch,73,https://www.cnn.com/2019/09/18/cnn-underscored/wayfair-derry-sofa-over-half-off/index.html
couch,74,https://www.facebook.com/couchbrewery/
couch,75,https://donpedrobrooklyn.com/difference-couch-sofa/
couch,76,https://www.countryliving.com/home-design/decorating-ideas/g29036964/best-place-to-buy-a-couch/
couch,77,https://www.homedepot.com/b/Outdoors-Patio-Furniture-Outdoor-Lounge-Furniture-Outdoor-Couches/N-5yc1vZcch3
couch,78,https://www.theawl.com/2017/02/why-does-this-one-couch-from-west-elm-suck-so-much/
couch,79,https://couchdisposalplus.com/pittsburgh/
couch,80,https://www.kohls.com/catalog/living-room-couches-sofas-sectionals-furniture.jsp?CN=Room:Living%20Room+Product:Couches+Category:Sofas%20%26%20Sectionals+Department:Furniture
couch,81,https://www.aarons.com/furniture/sofas-loveseats/
couch,82,https://www.taskrabbit.com/services/lift-and-shift-furniture-direct
couch,83,https://www.buzzfeed.com/elenamgarcia/the-best-places-to-buy-a-sofa-online
couch,84,https://www.theverge.com/tldr/2019/7/1/20677211/ikea-soffa-sans-font-vallentuna-planner-sofa-couches
couch,85,https://www.spanishdict.com/translate/couch
couch,86,https://www.quickanddirtytips.com/education/grammar/sofa-or-couch
couch,87,https://www.goodreads.com/book/show/4728684-couch
couch,88,https://www.bostoninteriors.com/living-room/seating/sofas
couch,89,https://www.couch.k12.mo.us/
couch,90,https://www.thesaurus.com/browse/couch
couch,91,https://www.discogs.com/artist/552555-Couch-2
couch,92,https://offerup.com/explore/sck/pa/pittsburgh/couch/
couch,93,https://starwars.fandom.com/wiki/Couch
couch,94,https://www.austincouches.com/
couch,95,https://www.angieslist.com/nearme/couch-removal/
couch,96,https://www.gardner-white.com/living-room/sofas
couch,97,https://www.sears.com/home-furniture-living-room-furniture-sofas-loveseats/b-1348888337
couch,98,https://www.rcwilley.com/Furniture/Sofas/Search
how to make a pool bridge,1,https://www.basicbilliards.com/bridge.php
how to make a pool bridge,2,https://supremebilliards.com/make-hand-bridge-pool/
how to make a pool bridge,3,http://www.billiardworld.com/bridges.htm
how to make a pool bridge,4,https://www.youtube.com/watch?v=uIkRjA4xF5A
how to make a pool bridge,5,https://www.youtube.com/watch?v=_8vnd3E2RFs
how to make a pool bridge,6,https://www.youtube.com/watch?v=k_fiklR3BUg
how to make a pool bridge,7,https://www.youtube.com/watch?v=PevddF2gRh4
how to make a pool bridge,8,https://www.youtube.com/watch?v=X7fQLacLMmw
how to make a pool bridge,9,https://www.pooldawg.com/article/pooldawg-library/the-proper-hand-bridge-jeanette-lee
how to make a pool bridge,10,https://billiards.colostate.edu/faq/bridge/open/
how to make a pool bridge,11,https://www.liveabout.com/enhance-your-pool-bridge-with-loop-touch-368608
how to make a pool bridge,12,https://billiards.colostate.edu/faq/bridge/closed/
how to make a pool bridge,13,https://www.dkgameroomoutlet.com/blog/2017/01/07/making-good-hand-bridge-billiards-101/
how to make a pool bridge,14,https://selectbilliards.com/portfolio_entries/bridge-types/
how to make a pool bridge,15,https://bargames101.com/how-to-use-a-mechanical-bridge/
how to make a pool bridge,16,https://www.ozonebilliards.com/how-to-hold-a-pool-cue-bridge-hand/
how to make a pool bridge,17,https://www.amazon.com/bridge-head/b?ie=UTF8&node=7511992011
how to make a pool bridge,18,https://www.homeleisuredirect.com/pool_tables/how-to-play/how-to-play-pool-how-to-bridge.html
how to make a pool bridge,19,https://www.instructables.com/id/Fabricating-a-Pocket-Billiards-Pool-Mechanical-B/
how to make a pool bridge,20,https://www.quora.com/How-do-you-make-a-good-bridge-in-billiards
how to make a pool bridge,21,https://www.seyberts.com/cue-bridges
how to make a pool bridge,22,https://billiards-and-pool.wonderhowto.com/how-to/make-proper-bridge-with-your-pool-stick-210512/
how to make a pool bridge,23,https://www.pinterest.com/jimdandywatson/pool-bridge-ideas/
how to make a pool bridge,24,https://www.reddit.com/r/billiards/comments/ajey3v/openclosed_bridge/
how to make a pool bridge,25,https://forums.thesims.com/en_us/discussion/4461/bridge-over-pool
how to make a pool bridge,26,https://en.wikipedia.org/wiki/Glossary_of_cue_sports_terms
how to make a pool bridge,27,https://www.decoist.com/swimming-pool-bridge-ideas/
how to make a pool bridge,28,https://simsvip.com/2017/05/05/create-bridge-sims-4/
how to make a pool bridge,29,https://www.sequoyahpools.com/materials-for-a-gorgeous-swimming-pool-bridge
how to make a pool bridge,30,https://www.yelp.com/biz_photos/star-event-productions-montebello?select=izPEYuRRcGsQQS3XizR3Yw
how to make a pool bridge,31,https://www.fcsnooker.co.uk/coaching/basics/the_bridge/the_bridge.htm
how to make a pool bridge,32,https://www.amazon.co.uk/Billiard-Snooker-Pool-Bridge-Heads/b?ie=UTF8&node=461127031
how to make a pool bridge,33,https://forums.azbilliards.com/showthread.php?t=302084
how to make a pool bridge,34,https://www.doityourself.com/forum/decks-patios-porches-walkways-driveways-stairs-steps-docks/497602-temporary-bridge-over-pool.html
how to make a pool bridge,35,https://decoratorist.com/swimming-pool-bridge-ideas/
how to make a pool bridge,36,https://www.carls-sims-4-guide.com/forum/index.php?topic=17281.0
how to make a pool bridge,37,https://www.houzz.com/photos/wooden-bridge-over-pool-phbr0lbl-bl~l_85392
how to make a pool bridge,38,https://www.billiardsdigest.com/instruction/tuneup1.php
how to make a pool bridge,39,https://www.walmart.com/ip/Billiard-Plastic-Adjustable-Cue-Bridge-Head-Cross-Pool-Stick-Frame-Pole-Black/950692129
how to make a pool bridge,40,https://www.brooklynbridgepark.org/press/brooklyn-bridge-park-announces-plans-to-build-a-permanent-pool
how to make a pool bridge,41,https://www.ronhazelton.com/projects/how-to-build-and-assemble-a-wooden-foot-bridge
how to make a pool bridge,42,https://patents.google.com/patent/US898345A/en
how to make a pool bridge,43,https://www.etsy.com/market/pool_cue_bridge
how to make a pool bridge,44,https://cabanapoolbar.com/Bridge-Heads-665045/Antlers-Rod-Holder-Pool-Cue-Stick-Frame-Pole-Rack-Rod-Accessory-Sports-&-Outdoors-Bridge/
how to make a pool bridge,45,https://trib.com/news/local/education/as-supporters-line-up-school-board-divided-over-natrona-county/article_60e3734b-7965-5663-8f71-419df01ffcfd.html
how to make a pool bridge,46,https://www.timeout.com/new-york-kids/news/brooklyn-bridge-park-announced-plans-to-build-a-permanent-pool-and-were-stoked-060118
how to make a pool bridge,47,http://www.billiardsforum.com/learn-to-play-pool/open-or-closed-hand-bridge
how to make a pool bridge,48,https://www.ebay.com/itm/WHITE-Moose-Bridge-Head-Moosehead-bridge-Bat-Wing-Pool-Bridge-/311140975999
how to make a pool bridge,49,https://www.cueandcase.com/hb-handicap-bridge.html
how to make a pool bridge,50,https://www.nycgovparks.org/parks/highbridgepark/facilities/outdoor-pools
how to make a pool bridge,51,https://www.amazon.in/Snooker-and-Pool-Bridge-CUE/dp/B01MZ8QQDQ
how to make a pool bridge,52,https://iia-indonesia.org/xke12oqajryn4gmujw_ufwvr32600
how to make a pool bridge,53,https://www.gazettes.com/opinion/letters/our-mailbox-bridge-name-short-term-rentals-pool-time/article_5be78eae-5cf0-11ea-b237-c362bf30c4e7.html
how to make a pool bridge,54,https://www.wayfair.com/keyword.php?keyword=pool%2Bcue%2Bbridge
how to make a pool bridge,55,https://openvpn.net/community-resources/ethernet-bridging/
how to make a pool bridge,56,https://maxeberle.com/consistency-in-pool-pre-shot-routine-secure-your-bridge/3216/
how to make a pool bridge,57,https://www.expedia.com/Natural-Bridge-Hotels-Hotel-With-Pool.0-0-d136937-tHotelwithPool.Travel-Guide-Filter-Hotels
how to make a pool bridge,58,https://ny.curbed.com/2018/6/1/17416836/brooklyn-bridge-park-pool-squibb-park
how to make a pool bridge,59,https://photos.hgtv.com/photos/bridge-over-pool-
how to make a pool bridge,60,https://parks.ky.gov/slade/parks/resort/natural-bridge-state-resort-park
how to make a pool bridge,61,https://www.stlfinder.com/3dmodels/pool-stick-bridge/
how to make a pool bridge,62,https://www.hotspringspool.com/blog/glenwood-hot-springs-guests-benefit-new-pedestrian-bridge
how to make a pool bridge,63,https://www.tripadvisor.com/LocationPhotoDirectLink-g312737-d655015-i46240991-Seyir_Village_Hotel-Oludeniz_Mugla_Province_Turkish_Aegean_Coast.html
how to make a pool bridge,64,https://www.6sqft.com/new-permanent-public-pool-coming-to-brooklyn-bridge-park/
how to make a pool bridge,65,https://pluspool.org/timeline/brooklynbridgepark/
how to make a pool bridge,66,https://www.billiards.com/cues/bridge-house-cues
how to make a pool bridge,67,https://mommypoppins.com/new-york-city-kids/pools-spray-parks/brooklyn-bridge-park-plans-to-install-a-permanent-outdoor-pool
how to make a pool bridge,68,https://www.thingiverse.com/thing:2831441
how to make a pool bridge,69,https://bc.ctvnews.ca/new-vancouver-swimming-pool-not-for-the-faint-of-heart-1.4552284
how to make a pool bridge,70,https://mysticpool.com/pool-opening-old-bridge-township-nj-pool-closing-old-bridge-township-nj/
how to make a pool bridge,71,http://poolcoachtv.com/pool-stroke/bridge-length/
how to make a pool bridge,72,https://snookerly.com/how-to-use-a-mechanical-bridge-in-pool/
how to make a pool bridge,73,https://www.homeadvisor.com/tloc/Old-Bridge-NJ/In-Ground-Swimming-Pool-Installation-Build/
how to make a pool bridge,74,https://www.cisco.com/c/en/us/td/docs/telepresence/infrastructure/tms/config_guide/cmr_hybrid_15_0/cmrh_b_cmr-hybrid-configuration-guide/cmrh_b_cmr-hybrid-configuration-guide_chapter_0101.html
how to make a pool bridge,75,https://afiavillage.com/pool-bridge-types/
how to make a pool bridge,76,http://www.trsa.org/toolso/index.php?keyword=Rod-Stick-Frame-Pole-Holder-Black-Sports--825207
how to make a pool bridge,77,https://www.tidesrestaurant.com.au/cost1/1203-building-a-bridge-or-deck-over-an-external-pool.html
how to make a pool bridge,78,https://www.goldmedalswimschool.com/bridge-the-gap/
how to make a pool bridge,79,https://www.theguardian.com/money/2015/aug/19/take-a-dip-35-metres-up-in-londons-sky-pool
how to make a pool bridge,80,https://www.pinterest.es/pin/581457001870540608/
how to make a pool bridge,81,https://www.zillow.com/great-bridge-chesapeake-va/inground-pool_att/
how to make a pool bridge,82,https://brooklyneagle.com/articles/2018/09/17/brainstorming-ideas-for-a-new-pool-at-brooklyn-bridge-park/
how to make a pool bridge,83,https://www.amazon.ca/Deluxe-Brass-Bridge-Stick-Billiards/dp/B00B0UFB76
how to make a pool bridge,84,http://www.etpcanada.ca/Billiard-Cue-Care-&-Tip-Tools-399410/Bridge-Head-Indoor-Games-Brass/
how to make a pool bridge,85,http://www.arnanes.is/Bridge-Heads-o634397-Billiard-Snooker-&-Pool-Bridge-Heads-P-Prettyia/
how to make a pool bridge,86,http://acadianapools.com/
how to make a pool bridge,87,https://k2radio.com/district-trustees-yes-for-natrona-county-high-school-pool-no-to-bridge/
how to make a pool bridge,88,https://www.parks.ca.gov/?page_id=541
how to make a pool bridge,89,https://canalrivertrust.org.uk/notices/16573-bridge-37-swan-and-pike-pool-bridge
how to make a pool bridge,90,https://bhre.com/?page=blog&title=brooklyn-bridge-park-is-getting-a-pool
how to make a pool bridge,91,https://www.viator.com/Aruba-attractions/Natural-Bridge/d28-a10990
how to make a pool bridge,92,https://modules.marriott.com/spas/bhmhv-renaissance-birmingham-ross-bridge-golf-resort-and-spa/the-spa-at-ross-bridge/5013296/amenities
how to make a pool bridge,93,https://bridgesbayresort.com/
how to make a pool bridge,94,https://pinchapenny.com/stores/tampa-fl-153
how to make a pool bridge,95,https://www.nymetroparents.com/article/brooklyn-bridge-park-pop-up-pool
how to make a pool bridge,96,https://docs.docker.com/engine/reference/commandline/network_create/
how to make a pool bridge,97,https://www.panynj.gov/bridges-tunnels/en/e-zpass.html
how to make a pool bridge,98,https://www.mabelbridgehoa.com/mabel-bridge-hoa-pool-gate-system-update/
how to make a pool bridge,99,https://thebilliardsguy.com/how-to-use-a-pool-bridge-stick
how to make a pool bridge,100,https://www.amny.com/news/brooklyn-heights-pool-1-18894050/
how to play pool,1,https://www.youtube.com/watch?v=oK_weD3aZUA
how to play pool,2,https://www.wikihow.com/Play-Pool
how to play pool,3,https://www.rulesofsport.com/sports/pool.html
how to play pool,4,https://bargames101.com/how-to-play-pool/
how to play pool,5,https://www.adityaravishankar.com/2011/09/learn-how-to-play-pool-well-in-under-30-minutes/
how to play pool,6,https://www.gametablesonline.com/blog/how-to-play-pool-beginners-guide/
how to play pool,7,https://www.liveabout.com/how-to-play-pool-like-the-pros-368192
how to play pool,8,https://supremebilliards.com/11-billiard-pool-tips-every-beginner-needs-know/
how to play pool,9,https://www.pooldawg.com/article/pooldawg-library/how-to-play-pool-the-fundamentals
how to play pool,10,https://www.aandcbilliardsandbarstools.com/blog/10-essential-billiard-pool-tips-no-beginner-can-do-without/
how to play pool,11,https://www.groupon.com/articles/billiards-pool-table-games
how to play pool,12,https://www.themanual.com/culture/how-to-play-pool/
how to play pool,13,https://eklitzke.org/how-to-play-pool-at-a-bar
how to play pool,14,http://www.azpl.net/How%20to%20Play%20Pool%20WithTOC.pdf
how to play pool,15,https://www.primermagazine.com/2014/learn/how-to-play-pool-and-look-like-you-know-what-youre-doing
how to play pool,16,https://en.wikipedia.org/wiki/Cutthroat_(pool)
how to play pool,17,https://www.pinterest.com/pin/260012578456437922/
how to play pool,18,https://www.amazon.com/How-Play-Pool-Beginners-Billiards/dp/1549709259
how to play pool,19,https://play.google.com/store/apps/details?id=com.miniclip.eightballpool&hl=en_US
how to play pool,20,https://www.tutorialspoint.com/pool/pool_how_to_play.htm
how to play pool,21,https://gulfportflorida.us/announcements/349-how-to-play-pool
how to play pool,22,https://www.recroom-products.com/eightballrules.html
how to play pool,23,https://www.basicbilliards.com/lessons.php
how to play pool,24,http://www.rileys.co.uk/blog/pool-shots/
how to play pool,25,https://billiardbeast.com/how-to-play-pool-by-yourself-pool-games-you-can-play-alone/
how to play pool,26,https://www.dummies.com/games/pool-billiards-for-dummies-cheat-sheet/
how to play pool,27,https://billiardguides.com/how-to-play-pool/
how to play pool,28,https://www.familyeducation.com/fun/pub-games/pool-game-eight-ball
how to play pool,29,https://www.slideshare.net/greatersouthern/how-to-play-pool
how to play pool,30,https://www.playing-pool.com/en/
how to play pool,31,http://www.billiardgods.com/pv-play-pool-hit-cue-ball/
how to play pool,32,https://www.ozonebilliards.com/product/how-to-play-pool-right-dvd
how to play pool,33,http://www.moneyoutline.com/what-are-the-benefits-of-playing-pool/
how to play pool,34,https://billiards.colostate.edu/secrets-gems/
how to play pool,35,https://funattic.com/how-to-rack-a-pool-table/
how to play pool,36,https://thepoolshoppe.ca/help-centre/games-to-play/
how to play pool,37,https://www.quora.com/How-can-someone-learn-how-to-play-pool-like-the-pros
how to play pool,38,https://www.popularmechanics.com/technology/gadgets/a19940/how-pay-to-play-pool-tables-always-give-you-the-cue-ball-back/
how to play pool,39,https://propoolacademy.com/
how to play pool,40,https://appolicious.com/learn-how-to-play-pool-for-free/
how to play pool,41,https://support.miniclip.com/hc/en-us/articles/203747456-How-to-play-Pool-By-Miniclip-8-Ball-Pool-
how to play pool,42,https://www.askmen.com/money/how_to_100/139_how_to.html
how to play pool,43,https://www.gamingweekender.com/billiards-games/
how to play pool,44,https://www.gamezer.com/en/rules/billiards/combination_pool
how to play pool,45,https://emeraldgr.com/teaching-kids-to-play-pool/
how to play pool,46,https://wpapool.com/rules-of-play/
how to play pool,47,https://pingpongbros.com/games/pool/10-different-billiards-games-to-try/
how to play pool,48,https://apps.apple.com/us/app/8-ball-pool/id543186831
how to play pool,49,https://www.delta-13.com/blogs/delta-13-blog-news/a-beginner-s-guide-to-playing-pool-the-6-things-you-should-know
how to play pool,50,https://www1.cfnc.org/Plan/For_A_Career/Career_Cluster_Profile/Cluster_Article.aspx?articleId=b9ja3r4F4ujkhUSOxJxefwXAP3DPAXXAP3DPAX&cId=yJF7dgNzUI6xZl0h6IInegXAP3DPAXXAP3DPAX&sectionId=1
how to play pool,51,https://dothebay.com/p/where-to-play-pool
how to play pool,52,https://www.pooltable911.com/rules-of-8-ball
how to play pool,53,https://www.yelp.com/nearme/places-to-play-pool
how to play pool,54,https://www.urbandictionary.com/define.php?term=Playing%20Pool
how to play pool,55,https://www.homeleisuredirect.com/blog/ultimate-guides/ultimate-guide-to-playing-pool.html
how to play pool,56,https://www.howcast.com/videos/148431-how-to-play-pool
how to play pool,57,https://www.spanishdict.com/translate/to%20play%20pool
how to play pool,58,https://www.marieclaire.com/culture/a1090/pool-billiards/
how to play pool,59,https://www.billiardworld.com/cwplaygt.html
how to play pool,60,https://www.bbc.com/sport/get-inspired/31510504
how to play pool,61,https://bca-pool.com/general/custom.asp?page=55
how to play pool,62,https://games.thefuntimesguide.com/playing-pool/
how to play pool,63,https://www.reddit.com/r/everymanshouldknow/comments/193pd6/request_how_to_properly_play_pool/
how to play pool,64,https://maxeberle.com/a-sneaky-trick-to-improve-your-pool-game/2944/
how to play pool,65,https://playpoolreviews.com/how-to-play-pool9-ball-8-ball-pool/
how to play pool,66,http://im.recservices.iastate.edu/download-file.php?id=3441
how to play pool,67,https://www.wired.com/2015/05/big-question-booze-help-play-better-pool/
how to play pool,68,https://www.gamedesire.com/game/poollivepro
how to play pool,69,https://www.flyordie.com/games/help/billiard/en/straightpoolrules.html
how to play pool,70,https://www.mandatory.com/living/1300441-play-pool-like-pro
how to play pool,71,https://www.libertygames.co.uk/blog/other-games-to-play-on-a-pool-table/
how to play pool,72,https://www.gametwist.com/en/skill-games/billiards/
how to play pool,73,https://longmontobserver.org/lifestyle/playing-pool-in-las-vegas/
how to play pool,74,https://electronics.howstuffworks.com/question495.htm
how to play pool,75,https://www.nationalbilliardacademy.com/
how to play pool,76,http://www.sfbilliards.com/Misc/jargon.html
how to play pool,77,https://billardmap.net/
how to play pool,78,https://www.cbc.ca/life/culture/the-beginner-s-guide-to-the-greatest-pastimes-pool-1.5265788
how to play pool,79,https://www.dailymotion.com/video/x3wsbyr
how to play pool,80,https://jesselau.com/show-how-to-calculate-what-angle-to-hit-a-pool-ball-with-real-photos/
how to play pool,81,https://10sorts.com/play-snooker-on-pool-table/
how to play pool,82,http://blog.ledbury.com/play-pool-like-pro-2/
how to play pool,83,https://www.mainevent.com/play/billiards
how to play pool,84,http://www.billiardsforum.com/learn-to-play-pool
how to play pool,85,https://www.greatersouthern.com/how-to-play-pool
how to play pool,86,https://mauitime.com/tag/best-place-to-shoot-pool-on-maui/
how to play pool,87,https://www.myactivesg.com/Sports/Billiards-and-Snooker/How-To-Play/Billiards-and-Snooker-for-Beginners/Variations-of-Pool
how to play pool,88,https://www.shutterstock.com/search/playing+pool
how to play pool,89,https://www.phoenixnewtimes.com/arts/11-places-to-play-pool-in-metro-phoenix-7460191
how to play pool,90,https://www.highso.com/lessons-for-playing-better-pool/
how to play pool,91,https://www.poolbilliards.co/rules/wpa-rules-of-play/fouls/
how to play pool,92,https://www.theragingball.com/pages/how-to-play-american-pool
how to play pool,93,https://www.androidauthority.com/best-pool-games-and-billiards-games-android-952183/
how to play pool,94,https://spinalpedia.com/blog/2013/10/play-pool-from-a-wheelchair/
how to play pool,95,https://store.steampowered.com/app/314000/Pool_Nation_FX_Lite/
how to play pool,96,https://www.cnn.com/travel/article/american-billiard-pool-halls/index.html
how to play pool,97,https://www.artofmanliness.com/articles/billiards-basics-play-pool-like-minnesota-fats/
how to play pool,98,https://poolplayers.com/lesson-10-in-parting-my-greatest-tips-for-playing-great-pool/
﻿business cards,1,https://www.vistaprint.com/business-cards
﻿business cards,2,https://www.moo.com/us/business-cards
﻿business cards,3,https://www.gotprint.com/products/business-cards/info.html
﻿business cards,4,https://www.costcobusinessprinting.com/business-cards
﻿business cards,5,https://www.overnightprints.com/businesscards
﻿business cards,6,https://www.uprinting.com/business-cards.html
﻿business cards,7,https://www.zazzle.com/c/business+cards
﻿business cards,8,https://www.officedepot.com/a/browse/business-cards/N=5+1212250/
﻿business cards,9,https://www.staples.com/Custom-Business-Cards/product_335405
﻿business cards,10,https://www.jukeboxprint.com/business-cards
﻿business cards,11,https://www.psprint.com/business-cards
﻿business cards,12,https://www.psprint.com/business-cards/category
﻿business cards,13,https://www.printrunner.com/business-cards.html
﻿business cards,14,https://www.canva.com/create/business-cards/
﻿business cards,15,https://www.nextdayflyers.com/business-card-printing/
﻿business cards,16,https://www.alphagraphics.com/print-products/business-cards-design-printing.html
﻿business cards,17,https://4colorprint.com/business-cards
﻿business cards,18,https://www.basicinvite.com/stationery/business-cards.html
﻿business cards,19,https://www.avery.com/custom-printing/cards/business-cards/
﻿business cards,20,https://www.freelogoservices.com/business-cards/start
﻿business cards,21,https://smallbiztrends.com/2017/12/best-business-card-sites.html
﻿business cards,22,https://graphicriver.net/print-templates/business-cards
﻿business cards,23,https://www.buildasign.com/business-cards
﻿business cards,24,https://store.allbusinesscards.com/
﻿business cards,25,https://www.4over4.com/printing/business-card-printing
﻿business cards,26,https://en.wikipedia.org/wiki/Business_card
﻿business cards,27,https://www.forbes.com/sites/forbesagencycouncil/2017/11/24/is-the-business-card-dead-16-experts-share-their-thoughts/
﻿business cards,28,https://www.printpeppermint.com/business-cards/
﻿business cards,29,https://www.fedex.com/en-us/printing/business-cards.html
﻿business cards,30,https://www.boredpanda.com/creative-business-card-designs/
﻿business cards,31,https://www.amazon.com/Avery-Printable-Business-Cards-Printers/dp/B00005QT7U
﻿business cards,32,https://www.minted.com/business-cards
﻿business cards,33,https://templates.office.com/en-us/business-cards
﻿business cards,34,https://www.48hourprint.com/business-card-printing-1
﻿business cards,35,https://www.designhill.com/business-cards
﻿business cards,36,https://www.thebalancesmb.com/why-use-business-cards-2947920
﻿business cards,37,https://spark.adobe.com/templates/business-cards/
﻿business cards,38,https://www.bfsprinters.com/products/business-cards.html
﻿business cards,39,https://www.minutemanpress.com/products-services/product-gallery/business-cards.html
﻿business cards,40,https://creativemarket.com/templates/business-cards
﻿business cards,41,https://www.deluxe.com/printing-services/business-cards
﻿business cards,42,https://www.whcc.com/products/cards/business-cards
﻿business cards,43,https://www.creativebloq.com/graphic-design/how-design-business-card-10-top-tips-9134291
﻿business cards,44,https://venngage.com/templates/business-cards
﻿business cards,45,https://www.shutterfly.com/cards-stationery/personal-stationery/business-cards
﻿business cards,46,https://www.visme.co/templates/business-cards/
﻿business cards,47,https://dribbble.com/BusinessCards
﻿business cards,48,https://www.123print.com/business-cards/landing-page.aspx
﻿business cards,49,https://lifehacker.com/why-business-cards-still-matter-and-how-to-effectively-1651222760
﻿business cards,50,https://www.printplace.com/business-cards
﻿business cards,51,https://www.toastmasters.org/resources/brand-portal/branded-business-cards
﻿business cards,52,https://creditcards.chase.com/business-credit-cards
﻿business cards,53,https://www.moneycrashers.com/best-small-business-credit-cards/
﻿business cards,54,https://www.americanexpress.com/us/credit-cards/business/business-credit-cards/
﻿business cards,55,https://www.smashingmagazine.com/2010/09/creative-business-cards-techniques-and-preparation/
﻿business cards,56,https://www.pcmag.com/picks/the-best-online-business-card-printing-services
﻿business cards,57,https://www.entrepreneur.com/article/244406
﻿business cards,58,https://www.modernpostcard.com/products/business-cards
﻿business cards,59,https://www.signs.com/business-cards/
﻿business cards,60,https://www.signazon.com/business-cards/
﻿business cards,61,https://www.theupsstore.com/print/business-card-printing
﻿business cards,62,https://www.clubflyers.com/print/business-cards/
﻿business cards,63,https://shop.paperchasepress.com/pages/business_card
﻿business cards,64,https://www.bannerbuzz.com/standard-business-cards/p
﻿business cards,65,https://www.primaflyers.com/Business-Cards
﻿business cards,66,https://www.chantillyprinting.com/business-cards/
﻿business cards,67,https://www.printdirtcheap.com/en/cheap-business-cards/categories/
﻿business cards,68,https://www.printingforless.com/Business-Card-Printing.html
﻿business cards,69,https://www.papersource.com/desk/stationery/business-cards
﻿business cards,70,https://www.primoprint.com/business-cards
﻿business cards,71,https://hotcards.com/business-cards
﻿business cards,72,https://www.bizcardmaker.com/
﻿business cards,73,https://www.flickr.com/photos/dailypoetics/albums/72057594104389710/
﻿business cards,74,https://www.navitor.com/products/business-cards
﻿business cards,75,https://www.inc.com/guides/2010/06/best-business-cards.html
﻿business cards,76,https://www.etsy.com/market/business_cards
﻿business cards,77,https://www.merriam-webster.com/dictionary/business%20card
﻿business cards,78,https://www.businessknowhow.com/marketing/business-card.htm
﻿business cards,79,https://dcopy.net/products-services/business-cards/premium-business-cards.php
﻿business cards,80,https://www.nationsphotolab.com/businesscards.aspx
﻿business cards,81,https://www.walmart.com/ip/Avery-Business-Cards-Matte-Two-Sided-Printing-100-Cards-28371/14935336
﻿business cards,82,https://www.atpublishing.com/product-catalog/business-cards.html
﻿business cards,83,https://www.evermine.com/business/business-cards/
﻿business cards,84,https://www.customink.com/products/categories/business-cards/526/styles
﻿business cards,85,https://www.hubspot.com/product-updates/scan-business-cards-into-hubspot-crm
﻿business cards,86,https://www.bankrate.com/finance/credit-cards/business/
﻿business cards,87,https://www.lapressco.com/products2/business-cards.html
﻿business cards,88,https://www.oubly.com/premium-business-cards
﻿business cards,89,https://www.mmpand.com/products-services/business-cards.html
﻿business cards,90,https://www.shopify.com/tools/business-card-maker
﻿business cards,91,https://www.colorado.gov/pacific/dcs/ids-business-cards
﻿business cards,92,https://www.snapfish.com/business-cards
﻿business cards,93,https://www.life.edu/business-cards/
﻿business cards,94,https://www.mpix.com/products/business/businesscards
﻿business cards,95,https://www.colorfulimages.com/home-office/business-cards.html
﻿business cards,96,https://www.currentcatalog.com/for-your-home/home-office/office-stationery/business-cards.html
﻿business cards,97,https://thepointsguy.com/business/
﻿business cards,98,https://www.copyworks.com/our-products/business-cards.html
﻿business cards,99,https://www.pgprint.com/product/business-cards/
